New York City,"Brooklyn, NY, USA  map"
Deepen Your Yoga Apprenticeship,"Boise, ID, USA  map"
"Shanti Yoga - Boise, Idaho","1674 W Hill Rd Boise, ID, United States  map"
Shanti Yoga (McCall),"100 South 3rd Street McCall, ID, USA  map"
Garden Street Yoga,"602 East Garden Avenue Coeur d'Alene, ID 83814, USA  map"
Hollywood Market Yoga,"1319 North 8th Street Boise, ID, USA  map"
Halo Hot Yoga,"3055 E Fairview Ave Meridian, ID, United States  map"
Idaho Yoga Co-op Non-Profit Inc.,"740 West Broadway Street Idaho Falls, ID, United States  map"
Idaho Teton Yoga Co-op,"170 Main Street Victor, ID, United States  map"
Tantra Power Yoga,"409 South 3rd Street McCall, ID, USA  map"
Mountain Home Yoga Center,"2435 Airbase Rd Mountain Home, ID, United States  map"
It's Only A Dance,"275 East Little Avenue Driggs, ID, USA  map"
Nourish School of Yoga,"206 South Main Street Moscow, ID, United States  map"
Essential Hot Yoga,"2122 Broadway Avenue Boise, ID, United States  map"
Beth Stuart Yoga,"471 Leadville Avenue Ketchum, ID, United States  map"
Sage Yoga & Wellness,"242 North 8th Street Boise, ID, United States  map"
James Barrett FIT Fusion Studio,"815 S 1st Ave Pocatello, ID, United States  map"
Yoga Unlimited,"3571 Hwy 33 Rexburg, ID, United States  map"
